,Crypto,Funding Rate,Exchange,date_time
9,"""BTC"" ",-0.008009,"""Binance BTC ",2022-05-26 20:01:38.111193
11,"""BTC"" ",0.0152468,"""dYdX BTC ",2022-05-26 20:01:38.111193
13,"""BTC"" ",0.012,"""FTX BTC ",2022-05-26 20:01:38.111193
15,"""BTC"" ",0.01,"""BitMEX BTC ",2022-05-26 20:01:38.111193
18,"""ETH"" ",-0.014343,"""Binance ETH ",2022-05-26 20:01:38.111193
20,"""ETH"" ",0.008678,"""dYdX ETH ",2022-05-26 20:01:38.111193
22,"""ETH"" ",0.0016,"""FTX ETH ",2022-05-26 20:01:38.111193
24,"""ETH"" ",0.0662,"""BitMEX ETH ",2022-05-26 20:01:38.111193
27,"""XRP"" ",-0.024606,"""Binance XRP ",2022-05-26 20:01:38.111193
30,"""XRP"" ",-0.0216,"""FTX XRP ",2022-05-26 20:01:38.111193
32,"""XRP"" ",0.01,"""BitMEX XRP ",2022-05-26 20:01:38.111193
35,"""BCH"" ",-0.008622,"""Binance BCH ",2022-05-26 20:01:38.111193
37,"""BCH"" ",0.00836432,"""dYdX BCH ",2022-05-26 20:01:38.111193
39,"""BCH"" ",-0.0152,"""FTX BCH ",2022-05-26 20:01:38.111193
41,"""BCH"" ",0.01,"""BitMEX BCH ",2022-05-26 20:01:38.111193
44,"""COMP"" ",0.01,"""Binance COMP ",2022-05-26 20:01:38.111193
46,"""COMP"" ",0.0098632,"""dYdX COMP ",2022-05-26 20:01:38.111193
48,"""COMP"" ",0.0032,"""FTX COMP ",2022-05-26 20:01:38.111193
52,"""KNC"" ",-0.034089,"""Binance KNC ",2022-05-26 20:01:38.111193
55,"""KNC"" ",0.0,"""FTX KNC ",2022-05-26 20:01:38.111193
59,"""LINK"" ",-0.024844,"""Binance LINK ",2022-05-26 20:01:38.111193
61,"""LINK"" ",0.00685192,"""dYdX LINK ",2022-05-26 20:01:38.111193
63,"""LINK"" ",-0.0352,"""FTX LINK ",2022-05-26 20:01:38.111193
65,"""LINK"" ",0.01,"""BitMEX LINK ",2022-05-26 20:01:38.111193
68,"""XTZ"" ",0.006311,"""Binance XTZ ",2022-05-26 20:01:38.111193
70,"""XTZ"" ",0.01,"""dYdX XTZ ",2022-05-26 20:01:38.111193
72,"""XTZ"" ",-0.0136,"""FTX XTZ ",2022-05-26 20:01:38.111193
76,"""BNB"" ",-0.024568,"""Binance BNB ",2022-05-26 20:01:38.111193
79,"""BNB"" ",-0.0288,"""FTX BNB ",2022-05-26 20:01:38.111193
81,"""BNB"" ",0.01,"""BitMEX BNB ",2022-05-26 20:01:38.111193
84,"""LTC"" ",-0.009717,"""Binance LTC ",2022-05-26 20:01:38.111193
86,"""LTC"" ",-0.0038752,"""dYdX LTC ",2022-05-26 20:01:38.111193
88,"""LTC"" ",-0.0192,"""FTX LTC ",2022-05-26 20:01:38.111193
90,"""LTC"" ",0.01,"""BitMEX LTC ",2022-05-26 20:01:38.111193
93,"""ETC"" ",-0.037905,"""Binance ETC ",2022-05-26 20:01:38.111193
95,"""ETC"" ",0.0019224,"""dYdX ETC ",2022-05-26 20:01:38.111193
97,"""ETC"" ",-0.0096,"""FTX ETC ",2022-05-26 20:01:38.111193
101,"""EOS"" ",-0.023682,"""Binance EOS ",2022-05-26 20:01:38.111193
103,"""EOS"" ",0.00398776,"""dYdX EOS ",2022-05-26 20:01:38.111193
105,"""EOS"" ",-0.0368,"""FTX EOS ",2022-05-26 20:01:38.111193
107,"""EOS"" ",0.01,"""BitMEX EOS ",2022-05-26 20:01:38.111193
110,"""DOGE"" ",-0.022276,"""Binance DOGE ",2022-05-26 20:01:38.111193
112,"""DOGE"" ",0.00522792,"""dYdX DOGE ",2022-05-26 20:01:38.111193
114,"""DOGE"" ",-0.0184,"""FTX DOGE ",2022-05-26 20:01:38.111193
116,"""DOGE"" ",0.0611,"""BitMEX DOGE ",2022-05-26 20:01:38.111193
119,"""1INCH"" ",0.151959,"""Binance 1INCH ",2022-05-26 20:01:38.111193
121,"""1INCH"" ",0.0044668,"""dYdX 1INCH ",2022-05-26 20:01:38.111193
123,"""1INCH"" ",0.0072,"""FTX 1INCH ",2022-05-26 20:01:38.111193
127,"""AAVE"" ",0.115395,"""Binance AAVE ",2022-05-26 20:01:38.111193
129,"""AAVE"" ",-0.00484864,"""dYdX AAVE ",2022-05-26 20:01:38.111193
131,"""AAVE"" ",0.0072,"""FTX AAVE ",2022-05-26 20:01:38.111193
138,"""AAVET"" ",0.1941,"""BitMEX AAVET ",2022-05-26 20:01:38.111193
141,"""ADA"" ",-0.010408,"""Binance ADA ",2022-05-26 20:01:38.111193
143,"""ADA"" ",-0.00057008,"""dYdX ADA ",2022-05-26 20:01:38.111193
145,"""ADA"" ",-0.0192,"""FTX ADA ",2022-05-26 20:01:38.111193
147,"""ADA"" ",0.0634,"""BitMEX ADA ",2022-05-26 20:01:38.111193
153,"""ADAT"" ",0.01,"""BitMEX ADAT ",2022-05-26 20:01:38.111193
158,"""AGLD"" ",0.004,"""FTX AGLD ",2022-05-26 20:01:38.111193
162,"""AKRO"" ",0.083221,"""Binance AKRO ",2022-05-26 20:01:38.111193
170,"""ALCX"" ",-0.0168,"""FTX ALCX ",2022-05-26 20:01:38.111193
174,"""ALGO"" ",0.002378,"""Binance ALGO ",2022-05-26 20:01:38.111193
176,"""ALGO"" ",0.00851536,"""dYdX ALGO ",2022-05-26 20:01:38.111193
178,"""ALGO"" ",-0.0144,"""FTX ALGO ",2022-05-26 20:01:38.111193
182,"""ALICE"" ",0.021982,"""Binance ALICE ",2022-05-26 20:01:38.111193
185,"""ALICE"" ",-0.02,"""FTX ALICE ",2022-05-26 20:01:38.111193
189,"""ALPHA"" ",0.069044,"""Binance ALPHA ",2022-05-26 20:01:38.111193
192,"""ALPHA"" ",-0.0392,"""FTX ALPHA ",2022-05-26 20:01:38.111193
199,"""ALTME"" ",0.01,"""BitMEX ALTME ",2022-05-26 20:01:38.111193
205,"""ALTMEXTT"" ",1.2127,"""BitMEX ALTMEXTT ",2022-05-26 20:01:38.111193
210,"""AMC"" ",0.0,"""FTX AMC ",2022-05-26 20:01:38.111193
216,"""ANC"" ",-0.9776,"""FTX ANC ",2022-05-26 20:01:38.111193
220,"""ANKR"" ",0.144693,"""Binance ANKR ",2022-05-26 20:01:38.111193
228,"""APE"" ",-0.0288,"""FTX APE ",2022-05-26 20:01:38.111193
230,"""APE"" ",-0.2004,"""BitMEX APE ",2022-05-26 20:01:38.111193
236,"""APET"" ",-0.0218,"""BitMEX APET ",2022-05-26 20:01:38.111193
241,"""AR"" ",-0.0072,"""FTX AR ",2022-05-26 20:01:38.111193
247,"""ASD"" ",-0.044,"""FTX ASD ",2022-05-26 20:01:38.111193
253,"""ATLAS"" ",-0.4952,"""FTX ATLAS ",2022-05-26 20:01:38.111193
257,"""ATOM"" ",0.00242,"""Binance ATOM ",2022-05-26 20:01:38.111193
259,"""ATOM"" ",0.00043944,"""dYdX ATOM ",2022-05-26 20:01:38.111193
261,"""ATOM"" ",-0.036,"""FTX ATOM ",2022-05-26 20:01:38.111193
267,"""AUDIO"" ",-0.0608,"""FTX AUDIO ",2022-05-26 20:01:38.111193
271,"""AVAX"" ",0.173657,"""Binance AVAX ",2022-05-26 20:01:38.111193
273,"""AVAX"" ",-0.02674736,"""dYdX AVAX ",2022-05-26 20:01:38.111193
275,"""AVAX"" ",-0.0264,"""FTX AVAX ",2022-05-26 20:01:38.111193
277,"""AVAX"" ",0.01,"""BitMEX AVAX ",2022-05-26 20:01:38.111193
283,"""AVAXT"" ",0.01,"""BitMEX AVAXT ",2022-05-26 20:01:38.111193
286,"""AXS"" ",0.15546,"""Binance AXS ",2022-05-26 20:01:38.111193
289,"""AXS"" ",-0.0584,"""FTX AXS ",2022-05-26 20:01:38.111193
291,"""AXS"" ",-0.0363,"""BitMEX AXS ",2022-05-26 20:01:38.111193
297,"""AXST"" ",-0.0294,"""BitMEX AXST ",2022-05-26 20:01:38.111193
302,"""BADGE"" ",0.0144,"""FTX BADGE ",2022-05-26 20:01:38.111193
308,"""BADGER"" ",-0.0464,"""FTX BADGER ",2022-05-26 20:01:38.111193
314,"""BAO"" ",0.0968,"""FTX BAO ",2022-05-26 20:01:38.111193
318,"""BAT"" ",-0.012184,"""Binance BAT ",2022-05-26 20:01:38.111193
321,"""BAT"" ",0.0208,"""FTX BAT ",2022-05-26 20:01:38.111193
328,"""BCHT"" ",0.01,"""BitMEX BCHT ",2022-05-26 20:01:38.111193
331,"""BEL"" ",0.008452,"""Binance BEL ",2022-05-26 20:01:38.111193
339,"""BIT"" ",0.0048,"""FTX BIT ",2022-05-26 20:01:38.111193
343,"""BLZ"" ",-0.006982,"""Binance BLZ ",2022-05-26 20:01:38.111193
349,"""BNBBU"" ",0.01,"""Binance BNBBU ",2022-05-26 20:01:38.111193
358,"""BNBT"" ",0.01,"""BitMEX BNBT ",2022-05-26 20:01:38.111193
361,"""BNT"" ",0.01,"""Binance BNT ",2022-05-26 20:01:38.111193
364,"""BNT"" ",-0.1224,"""FTX BNT ",2022-05-26 20:01:38.111193
370,"""BOBA"" ",-0.0552,"""FTX BOBA ",2022-05-26 20:01:38.111193
376,"""BSV"" ",-0.0496,"""FTX BSV ",2022-05-26 20:01:38.111193
380,"""BTCBU"" ",-0.008024,"""Binance BTCBU ",2022-05-26 20:01:38.111193
386,"""BTCDO"" ",0.01,"""Binance BTCDO ",2022-05-26 20:01:38.111193
392,"""BTCST"" ",0.01,"""Binance BTCST ",2022-05-26 20:01:38.111193
398,"""BTS"" ",0.075661,"""Binance BTS ",2022-05-26 20:01:38.111193
404,"""BTT"" ",0.019598,"""Binance BTT ",2022-05-26 20:01:38.111193
407,"""BTT"" ",-0.052,"""FTX BTT ",2022-05-26 20:01:38.111193
411,"""BZRX"" ",0.089926,"""Binance BZRX ",2022-05-26 20:01:38.111193
417,"""C98"" ",0.067425,"""Binance C98 ",2022-05-26 20:01:38.111193
420,"""C98"" ",-0.048,"""FTX C98 ",2022-05-26 20:01:38.111193
426,"""CAKE"" ",-0.02,"""FTX CAKE ",2022-05-26 20:01:38.111193
432,"""CEL"" ",0.0032,"""FTX CEL ",2022-05-26 20:01:38.111193
437,"""CELO"" ",-0.09818848,"""dYdX CELO ",2022-05-26 20:01:38.111193
439,"""CELO"" ",-0.036,"""FTX CELO ",2022-05-26 20:01:38.111193
443,"""CELR"" ",0.01,"""Binance CELR ",2022-05-26 20:01:38.111193
449,"""CHR"" ",0.01,"""Binance CHR ",2022-05-26 20:01:38.111193
452,"""CHR"" ",-0.028,"""FTX CHR ",2022-05-26 20:01:38.111193
456,"""CHZ"" ",0.017775,"""Binance CHZ ",2022-05-26 20:01:38.111193
459,"""CHZ"" ",-0.0184,"""FTX CHZ ",2022-05-26 20:01:38.111193
465,"""CLV"" ",-0.1824,"""FTX CLV ",2022-05-26 20:01:38.111193
471,"""CONV"" ",-0.1192,"""FTX CONV ",2022-05-26 20:01:38.111193
475,"""COTI"" ",0.075909,"""Binance COTI ",2022-05-26 20:01:38.111193
483,"""CREAM"" ",0.008,"""FTX CREAM ",2022-05-26 20:01:38.111193
489,"""CRO"" ",-0.012,"""FTX CRO ",2022-05-26 20:01:38.111193
493,"""CRV"" ",-0.008687,"""Binance CRV ",2022-05-26 20:01:38.111193
495,"""CRV"" ",0.00103496,"""dYdX CRV ",2022-05-26 20:01:38.111193
497,"""CRV"" ",-0.048,"""FTX CRV ",2022-05-26 20:01:38.111193
501,"""CTK"" ",0.01,"""Binance CTK ",2022-05-26 20:01:38.111193
507,"""CTSI"" ",0.01,"""Binance CTSI ",2022-05-26 20:01:38.111193
513,"""CVC"" ",0.01,"""Binance CVC ",2022-05-26 20:01:38.111193
516,"""CVC"" ",-0.028,"""FTX CVC ",2022-05-26 20:01:38.111193
522,"""CVX"" ",0.0464,"""FTX CVX ",2022-05-26 20:01:38.111193
526,"""DASH"" ",-0.019474,"""Binance DASH ",2022-05-26 20:01:38.111193
529,"""DASH"" ",-0.008,"""FTX DASH ",2022-05-26 20:01:38.111193
535,"""DAWN"" ",0.076,"""FTX DAWN ",2022-05-26 20:01:38.111193
542,"""DEFIM"" ",0.01,"""BitMEX DEFIM ",2022-05-26 20:01:38.111193
548,"""DEFIMEXTT"" ",0.739,"""BitMEX DEFIMEXTT ",2022-05-26 20:01:38.111193
551,"""DENT"" ",0.01,"""Binance DENT ",2022-05-26 20:01:38.111193
554,"""DENT"" ",-0.0864,"""FTX DENT ",2022-05-26 20:01:38.111193
558,"""DGB"" ",0.01,"""Binance DGB ",2022-05-26 20:01:38.111193
564,"""DODO"" ",0.01,"""Binance DODO ",2022-05-26 20:01:38.111193
567,"""DODO"" ",-0.1208,"""FTX DODO ",2022-05-26 20:01:38.111193
571,"""DOGEB"" ",0.01,"""Binance DOGEB ",2022-05-26 20:01:38.111193
577,"""DOGEBUSD"" ",0.001836,"""Binance DOGEBUSD ",2022-05-26 20:01:38.111193
586,"""DOGET"" ",0.01,"""BitMEX DOGET ",2022-05-26 20:01:38.111193
592,"""DOTT"" ",0.0019,"""BitMEX DOTT ",2022-05-26 20:01:38.111193
597,"""DRGN"" ",-0.0064,"""FTX DRGN ",2022-05-26 20:01:38.111193
601,"""DUSK"" ",0.008796,"""Binance DUSK ",2022-05-26 20:01:38.111193
607,"""DYDX"" ",-0.014518,"""Binance DYDX ",2022-05-26 20:01:38.111193
610,"""DYDX"" ",-0.048,"""FTX DYDX ",2022-05-26 20:01:38.111193
616,"""EDEN"" ",-0.0976,"""FTX EDEN ",2022-05-26 20:01:38.111193
620,"""EGLD"" ",0.005611,"""Binance EGLD ",2022-05-26 20:01:38.111193
623,"""EGLD"" ",-0.0024,"""FTX EGLD ",2022-05-26 20:01:38.111193
627,"""ENJ"" ",-0.034609,"""Binance ENJ ",2022-05-26 20:01:38.111193
629,"""ENJ"" ",0.01,"""dYdX ENJ ",2022-05-26 20:01:38.111193
631,"""ENJ"" ",-0.0264,"""FTX ENJ ",2022-05-26 20:01:38.111193
635,"""ENS"" ",-0.029907,"""Binance ENS ",2022-05-26 20:01:38.111193
638,"""ENS"" ",-0.02,"""FTX ENS ",2022-05-26 20:01:38.111193
645,"""EOST"" ",0.01,"""BitMEX EOST ",2022-05-26 20:01:38.111193
648,"""ETHBU"" ",0.003812,"""Binance ETHBU ",2022-05-26 20:01:38.111193
654,"""ETHBUSD"" ",-0.003988,"""Binance ETHBUSD ",2022-05-26 20:01:38.111193
663,"""ETHT"" ",0.01,"""BitMEX ETHT ",2022-05-26 20:01:38.111193
668,"""FIDA"" ",-0.1048,"""FTX FIDA ",2022-05-26 20:01:38.111193
672,"""FIL"" ",-0.070855,"""Binance FIL ",2022-05-26 20:01:38.111193
674,"""FIL"" ",-0.01061848,"""dYdX FIL ",2022-05-26 20:01:38.111193
676,"""FIL"" ",-0.0352,"""FTX FIL ",2022-05-26 20:01:38.111193
683,"""FILT"" ",0.0644,"""BitMEX FILT ",2022-05-26 20:01:38.111193
686,"""FLM"" ",0.01,"""Binance FLM ",2022-05-26 20:01:38.111193
689,"""FLM"" ",0.0184,"""FTX FLM ",2022-05-26 20:01:38.111193
693,"""FLOW"" ",-0.039358,"""Binance FLOW ",2022-05-26 20:01:38.111193
696,"""FLOW"" ",-0.0104,"""FTX FLOW ",2022-05-26 20:01:38.111193
700,"""FTM"" ",-0.025546,"""Binance FTM ",2022-05-26 20:01:38.111193
703,"""FTM"" ",-0.0144,"""FTX FTM ",2022-05-26 20:01:38.111193
707,"""FTMBUSD"" ",-0.001044,"""Binance FTMBUSD ",2022-05-26 20:01:38.111193
716,"""FTMT"" ",0.01,"""BitMEX FTMT ",2022-05-26 20:01:38.111193
719,"""FTT"" ",0.006435,"""Binance FTT ",2022-05-26 20:01:38.111193
722,"""FTT"" ",0.0008,"""FTX FTT ",2022-05-26 20:01:38.111193
726,"""FTTBU"" ",0.01,"""Binance FTTBU ",2022-05-26 20:01:38.111193
732,"""FTTBUSD"" ",0.004045,"""Binance FTTBUSD ",2022-05-26 20:01:38.111193
740,"""FXS"" ",0.0048,"""FTX FXS ",2022-05-26 20:01:38.111193
744,"""GAL"" ",-0.033434,"""Binance GAL ",2022-05-26 20:01:38.111193
747,"""GAL"" ",-0.0096,"""FTX GAL ",2022-05-26 20:01:38.111193
749,"""GAL"" ",0.0638,"""BitMEX GAL ",2022-05-26 20:01:38.111193
752,"""GALA"" ",-0.037544,"""Binance GALA ",2022-05-26 20:01:38.111193
755,"""GALA"" ",-0.0296,"""FTX GALA ",2022-05-26 20:01:38.111193
759,"""GALABUSD"" ",0.01,"""Binance GALABUSD ",2022-05-26 20:01:38.111193
765,"""GALBUSD"" ",-0.006397,"""Binance GALBUSD ",2022-05-26 20:01:38.111193
774,"""GALT"" ",0.0587,"""BitMEX GALT ",2022-05-26 20:01:38.111193
779,"""GLMR"" ",0.0328,"""FTX GLMR ",2022-05-26 20:01:38.111193
783,"""GMT"" ",-0.047544,"""Binance GMT ",2022-05-26 20:01:38.111193
786,"""GMT"" ",-0.0736,"""FTX GMT ",2022-05-26 20:01:38.111193
788,"""GMT"" ",0.01,"""BitMEX GMT ",2022-05-26 20:01:38.111193
791,"""GMTBUSD"" ",-0.035888,"""Binance GMTBUSD ",2022-05-26 20:01:38.111193
800,"""GMTT"" ",0.01,"""BitMEX GMTT ",2022-05-26 20:01:38.111193
803,"""GRT"" ",-0.029826,"""Binance GRT ",2022-05-26 20:01:38.111193
806,"""GRT"" ",0.0016,"""FTX GRT ",2022-05-26 20:01:38.111193
812,"""GST"" ",-2.2928,"""FTX GST ",2022-05-26 20:01:38.111193
816,"""GTC"" ",-0.001675,"""Binance GTC ",2022-05-26 20:01:38.111193
822,"""HBAR"" ",-0.017831,"""Binance HBAR ",2022-05-26 20:01:38.111193
825,"""HBAR"" ",-0.0152,"""FTX HBAR ",2022-05-26 20:01:38.111193
829,"""HNT"" ",-0.049551,"""Binance HNT ",2022-05-26 20:01:38.111193
832,"""HNT"" ",-0.08,"""FTX HNT ",2022-05-26 20:01:38.111193
838,"""HOLY"" ",0.4608,"""FTX HOLY ",2022-05-26 20:01:38.111193
842,"""HOT"" ",-0.02003,"""Binance HOT ",2022-05-26 20:01:38.111193
845,"""HOT"" ",-0.0312,"""FTX HOT ",2022-05-26 20:01:38.111193
851,"""HT"" ",-0.04,"""FTX HT ",2022-05-26 20:01:38.111193
857,"""HUM"" ",0.0656,"""FTX HUM ",2022-05-26 20:01:38.111193
861,"""ICP"" ",-0.060763,"""Binance ICP ",2022-05-26 20:01:38.111193
863,"""ICP"" ",0.00596232,"""dYdX ICP ",2022-05-26 20:01:38.111193
865,"""ICP"" ",-0.0232,"""FTX ICP ",2022-05-26 20:01:38.111193
869,"""ICX"" ",-0.025422,"""Binance ICX ",2022-05-26 20:01:38.111193
872,"""ICX"" ",-0.0104,"""FTX ICX ",2022-05-26 20:01:38.111193
876,"""IMX"" ",-0.036792,"""Binance IMX ",2022-05-26 20:01:38.111193
879,"""IMX"" ",-0.0432,"""FTX IMX ",2022-05-26 20:01:38.111193
883,"""IOST"" ",-0.043761,"""Binance IOST ",2022-05-26 20:01:38.111193
886,"""IOST"" ",-0.0288,"""FTX IOST ",2022-05-26 20:01:38.111193
890,"""IOTA"" ",-0.004583,"""Binance IOTA ",2022-05-26 20:01:38.111193
893,"""IOTA"" ",-0.0456,"""FTX IOTA ",2022-05-26 20:01:38.111193
897,"""IOTX"" ",-0.011391,"""Binance IOTX ",2022-05-26 20:01:38.111193
903,"""JASMY"" ",-0.067037,"""Binance JASMY ",2022-05-26 20:01:38.111193
906,"""JASMY"" ",-0.0144,"""FTX JASMY ",2022-05-26 20:01:38.111193
912,"""KBTT"" ",0.1232,"""FTX KBTT ",2022-05-26 20:01:38.111193
916,"""KEEP"" ",0.01,"""Binance KEEP ",2022-05-26 20:01:38.111193
924,"""KIN"" ",0.0104,"""FTX KIN ",2022-05-26 20:01:38.111193
928,"""KLAY"" ",-0.058541,"""Binance KLAY ",2022-05-26 20:01:38.111193
936,"""KSHIB"" ",-0.0352,"""FTX KSHIB ",2022-05-26 20:01:38.111193
940,"""KSM"" ",-0.021036,"""Binance KSM ",2022-05-26 20:01:38.111193
943,"""KSM"" ",-0.02,"""FTX KSM ",2022-05-26 20:01:38.111193
949,"""KSOS"" ",0.1016,"""FTX KSOS ",2022-05-26 20:01:38.111193
953,"""LEND"" ",0.01,"""Binance LEND ",2022-05-26 20:01:38.111193
956,"""LEND"" ",0.004,"""FTX LEND ",2022-05-26 20:01:38.111193
962,"""LEO"" ",-0.22,"""FTX LEO ",2022-05-26 20:01:38.111193
966,"""LINA"" ",-0.14315,"""Binance LINA ",2022-05-26 20:01:38.111193
969,"""LINA"" ",0.0136,"""FTX LINA ",2022-05-26 20:01:38.111193
976,"""LINKT"" ",0.01,"""BitMEX LINKT ",2022-05-26 20:01:38.111193
979,"""LIT"" ",0.01,"""Binance LIT ",2022-05-26 20:01:38.111193
987,"""LOOKS"" ",-0.0368,"""FTX LOOKS ",2022-05-26 20:01:38.111193
991,"""LPT"" ",-0.030265,"""Binance LPT ",2022-05-26 20:01:38.111193
997,"""LRC"" ",-0.056378,"""Binance LRC ",2022-05-26 20:01:38.111193
1000,"""LRC"" ",-0.0456,"""FTX LRC ",2022-05-26 20:01:38.111193
1007,"""LTCT"" ",-0.0074,"""BitMEX LTCT ",2022-05-26 20:01:38.111193
1010,"""LUNA"" ",0.01,"""Binance LUNA ",2022-05-26 20:01:38.111193
1012,"""LUNA"" ",0.0,"""dYdX LUNA ",2022-05-26 20:01:38.111193
1014,"""LUNA"" ",-14.4832,"""FTX LUNA ",2022-05-26 20:01:38.111193
1016,"""LUNA"" ",1.875,"""BitMEX LUNA ",2022-05-26 20:01:38.111193
1019,"""LUNABUSD"" ",-2.499998,"""Binance LUNABUSD ",2022-05-26 20:01:38.111193
1028,"""LUNAT"" ",1.875,"""BitMEX LUNAT ",2022-05-26 20:01:38.111193
1031,"""MANA"" ",-0.040813,"""Binance MANA ",2022-05-26 20:01:38.111193
1034,"""MANA"" ",-0.0208,"""FTX MANA ",2022-05-26 20:01:38.111193
1041,"""MANAT"" ",0.01,"""BitMEX MANAT ",2022-05-26 20:01:38.111193
1046,"""MAPS"" ",0.132,"""FTX MAPS ",2022-05-26 20:01:38.111193
1050,"""MASK"" ",-0.027109,"""Binance MASK ",2022-05-26 20:01:38.111193
1056,"""MATIC"" ",-0.039398,"""Binance MATIC ",2022-05-26 20:01:38.111193
1058,"""MATIC"" ",0.00659584,"""dYdX MATIC ",2022-05-26 20:01:38.111193
1060,"""MATIC"" ",-0.0104,"""FTX MATIC ",2022-05-26 20:01:38.111193
1062,"""MATIC"" ",0.01,"""BitMEX MATIC ",2022-05-26 20:01:38.111193
1068,"""MATICT"" ",0.01,"""BitMEX MATICT ",2022-05-26 20:01:38.111193
1073,"""MCB"" ",0.2264,"""FTX MCB ",2022-05-26 20:01:38.111193
1079,"""MEDIA"" ",0.04,"""FTX MEDIA ",2022-05-26 20:01:38.111193
1085,"""MER"" ",0.1056,"""FTX MER ",2022-05-26 20:01:38.111193
1092,"""METAM"" ",0.01,"""BitMEX METAM ",2022-05-26 20:01:38.111193
1098,"""METAMEXTT"" ",1.0831,"""BitMEX METAMEXTT ",2022-05-26 20:01:38.111193
1103,"""MINA"" ",-0.0704,"""FTX MINA ",2022-05-26 20:01:38.111193
1107,"""MKR"" ",0.000433,"""Binance MKR ",2022-05-26 20:01:38.111193
1109,"""MKR"" ",0.00993432,"""dYdX MKR ",2022-05-26 20:01:38.111193
1111,"""MKR"" ",-0.0048,"""FTX MKR ",2022-05-26 20:01:38.111193
1117,"""MNGO"" ",-0.0128,"""FTX MNGO ",2022-05-26 20:01:38.111193
1123,"""MOB"" ",0.0184,"""FTX MOB ",2022-05-26 20:01:38.111193
1127,"""MTL"" ",-0.047168,"""Binance MTL ",2022-05-26 20:01:38.111193
1130,"""MTL"" ",-0.0368,"""FTX MTL ",2022-05-26 20:01:38.111193
1136,"""MVDA1"" ",-0.004,"""FTX MVDA1 ",2022-05-26 20:01:38.111193
1142,"""MVDA10"" ",0.0216,"""FTX MVDA10 ",2022-05-26 20:01:38.111193
1148,"""MVDA2"" ",-0.0272,"""FTX MVDA2 ",2022-05-26 20:01:38.111193
1154,"""MVDA25"" ",0.0312,"""FTX MVDA25 ",2022-05-26 20:01:38.111193
1158,"""NEAR"" ",-0.024677,"""Binance NEAR ",2022-05-26 20:01:38.111193
1160,"""NEAR"" ",-0.01121632,"""dYdX NEAR ",2022-05-26 20:01:38.111193
1162,"""NEAR"" ",-0.012,"""FTX NEAR ",2022-05-26 20:01:38.111193
1164,"""NEAR"" ",0.01,"""BitMEX NEAR ",2022-05-26 20:01:38.111193
1167,"""NEARBUSD"" ",-0.013723,"""Binance NEARBUSD ",2022-05-26 20:01:38.111193
1176,"""NEART"" ",0.01,"""BitMEX NEART ",2022-05-26 20:01:38.111193
1179,"""NEO"" ",-0.023372,"""Binance NEO ",2022-05-26 20:01:38.111193
1182,"""NEO"" ",-0.0096,"""FTX NEO ",2022-05-26 20:01:38.111193
1186,"""NKN"" ",-0.039995,"""Binance NKN ",2022-05-26 20:01:38.111193
1194,"""NPXS"" ",-3.1072,"""FTX NPXS ",2022-05-26 20:01:38.111193
1198,"""NU"" ",-0.231514,"""Binance NU ",2022-05-26 20:01:38.111193
1204,"""OCEAN"" ",-0.001492,"""Binance OCEAN ",2022-05-26 20:01:38.111193
1210,"""OGN"" ",-0.046154,"""Binance OGN ",2022-05-26 20:01:38.111193
1218,"""OKB"" ",-0.016,"""FTX OKB ",2022-05-26 20:01:38.111193
1222,"""OMG"" ",-0.015167,"""Binance OMG ",2022-05-26 20:01:38.111193
1225,"""OMG"" ",-0.0136,"""FTX OMG ",2022-05-26 20:01:38.111193
1229,"""ONE"" ",-0.026423,"""Binance ONE ",2022-05-26 20:01:38.111193
1232,"""ONE"" ",-0.0232,"""FTX ONE ",2022-05-26 20:01:38.111193
1236,"""ONT"" ",-0.050858,"""Binance ONT ",2022-05-26 20:01:38.111193
1239,"""ONT"" ",-0.0424,"""FTX ONT ",2022-05-26 20:01:38.111193
1245,"""ORBS"" ",-0.1408,"""FTX ORBS ",2022-05-26 20:01:38.111193
1251,"""OXY"" ",-0.16,"""FTX OXY ",2022-05-26 20:01:38.111193
1257,"""PAXG"" ",0.0072,"""FTX PAXG ",2022-05-26 20:01:38.111193
1261,"""PEOPL"" ",0.01,"""Binance PEOPL ",2022-05-26 20:01:38.111193
1264,"""PEOPL"" ",-0.0072,"""FTX PEOPL ",2022-05-26 20:01:38.111193
1268,"""PEOPLE"" ",-0.00591,"""Binance PEOPLE ",2022-05-26 20:01:38.111193
1271,"""PEOPLE"" ",-0.0216,"""FTX PEOPLE ",2022-05-26 20:01:38.111193
1277,"""PERP"" ",-0.3944,"""FTX PERP ",2022-05-26 20:01:38.111193
1283,"""POLIS"" ",0.0184,"""FTX POLIS ",2022-05-26 20:01:38.111193
1289,"""PROM"" ",0.016,"""FTX PROM ",2022-05-26 20:01:38.111193
1295,"""PUNDI"" ",-0.116,"""FTX PUNDI ",2022-05-26 20:01:38.111193
1301,"""PUNDIX"" ",-0.0776,"""FTX PUNDIX ",2022-05-26 20:01:38.111193
1305,"""QTUM"" ",-0.019927,"""Binance QTUM ",2022-05-26 20:01:38.111193
1308,"""QTUM"" ",-0.0088,"""FTX QTUM ",2022-05-26 20:01:38.111193
1314,"""RAMP"" ",0.0496,"""FTX RAMP ",2022-05-26 20:01:38.111193
1318,"""RAY"" ",-0.032446,"""Binance RAY ",2022-05-26 20:01:38.111193
1321,"""RAY"" ",-0.036,"""FTX RAY ",2022-05-26 20:01:38.111193
1325,"""REEF"" ",-0.011165,"""Binance REEF ",2022-05-26 20:01:38.111193
1328,"""REEF"" ",-0.0072,"""FTX REEF ",2022-05-26 20:01:38.111193
1332,"""REN"" ",-0.08468,"""Binance REN ",2022-05-26 20:01:38.111193
1335,"""REN"" ",-0.0232,"""FTX REN ",2022-05-26 20:01:38.111193
1341,"""RNDR"" ",0.0,"""FTX RNDR ",2022-05-26 20:01:38.111193
1347,"""RON"" ",-0.0624,"""FTX RON ",2022-05-26 20:01:38.111193
1353,"""ROOK"" ",0.1056,"""FTX ROOK ",2022-05-26 20:01:38.111193
1357,"""ROSE"" ",-0.070118,"""Binance ROSE ",2022-05-26 20:01:38.111193
1360,"""ROSE"" ",-0.0296,"""FTX ROSE ",2022-05-26 20:01:38.111193
1364,"""RSR"" ",-0.03406,"""Binance RSR ",2022-05-26 20:01:38.111193
1367,"""RSR"" ",-0.0408,"""FTX RSR ",2022-05-26 20:01:38.111193
1371,"""RVN"" ",-0.008502,"""Binance RVN ",2022-05-26 20:01:38.111193
1377,"""SAND"" ",-0.038825,"""Binance SAND ",2022-05-26 20:01:38.111193
1380,"""SAND"" ",-0.0128,"""FTX SAND ",2022-05-26 20:01:38.111193
1387,"""SANDT"" ",0.01,"""BitMEX SANDT ",2022-05-26 20:01:38.111193
1390,"""SC"" ",-0.018851,"""Binance SC ",2022-05-26 20:01:38.111193
1393,"""SC"" ",-0.016,"""FTX SC ",2022-05-26 20:01:38.111193
1399,"""SCRT"" ",0.0272,"""FTX SCRT ",2022-05-26 20:01:38.111193
1405,"""SECO"" ",0.1616,"""FTX SECO ",2022-05-26 20:01:38.111193
1409,"""SFP"" ",0.01,"""Binance SFP ",2022-05-26 20:01:38.111193
1417,"""SHIB"" ",-0.0216,"""FTX SHIB ",2022-05-26 20:01:38.111193
1424,"""SHIBT"" ",0.01,"""BitMEX SHIBT ",2022-05-26 20:01:38.111193
1427,"""SKL"" ",-0.038259,"""Binance SKL ",2022-05-26 20:01:38.111193
1430,"""SKL"" ",-0.016,"""FTX SKL ",2022-05-26 20:01:38.111193
1436,"""SLP"" ",-0.0736,"""FTX SLP ",2022-05-26 20:01:38.111193
1440,"""SNX"" ",-0.026566,"""Binance SNX ",2022-05-26 20:01:38.111193
1442,"""SNX"" ",-0.01065312,"""dYdX SNX ",2022-05-26 20:01:38.111193
1444,"""SNX"" ",-0.016,"""FTX SNX ",2022-05-26 20:01:38.111193
1448,"""SOL"" ",-0.021906,"""Binance SOL ",2022-05-26 20:01:38.111193
1450,"""SOL"" ",-0.02014904,"""dYdX SOL ",2022-05-26 20:01:38.111193
1452,"""SOL"" ",-0.012,"""FTX SOL ",2022-05-26 20:01:38.111193
1454,"""SOL"" ",0.0447,"""BitMEX SOL ",2022-05-26 20:01:38.111193
1457,"""SOLBU"" ",-0.002965,"""Binance SOLBU ",2022-05-26 20:01:38.111193
1463,"""SOLBUSD"" ",-0.012434,"""Binance SOLBUSD ",2022-05-26 20:01:38.111193
1472,"""SOLT"" ",-0.0032,"""BitMEX SOLT ",2022-05-26 20:01:38.111193
1477,"""SOS"" ",-0.8056,"""FTX SOS ",2022-05-26 20:01:38.111193
1483,"""SPELL"" ",-0.0984,"""FTX SPELL ",2022-05-26 20:01:38.111193
1487,"""SRM"" ",-0.01813,"""Binance SRM ",2022-05-26 20:01:38.111193
1490,"""SRM"" ",0.0032,"""FTX SRM ",2022-05-26 20:01:38.111193
1497,"""SRMT"" ",0.2713,"""BitMEX SRMT ",2022-05-26 20:01:38.111193
1502,"""SRN"" ",1.792,"""FTX SRN ",2022-05-26 20:01:38.111193
1508,"""STEP"" ",0.0616,"""FTX STEP ",2022-05-26 20:01:38.111193
1512,"""STMX"" ",0.01,"""Binance STMX ",2022-05-26 20:01:38.111193
1515,"""STMX"" ",0.116,"""FTX STMX ",2022-05-26 20:01:38.111193
1519,"""STORJ"" ",-0.032751,"""Binance STORJ ",2022-05-26 20:01:38.111193
1522,"""STORJ"" ",-0.0072,"""FTX STORJ ",2022-05-26 20:01:38.111193
1528,"""STX"" ",-0.0544,"""FTX STX ",2022-05-26 20:01:38.111193
1532,"""SUSHI"" ",-0.010261,"""Binance SUSHI ",2022-05-26 20:01:38.111193
1534,"""SUSHI"" ",-0.00181488,"""dYdX SUSHI ",2022-05-26 20:01:38.111193
1536,"""SUSHI"" ",-0.0288,"""FTX SUSHI ",2022-05-26 20:01:38.111193
1538,"""SUSHI"" ",0.0735,"""BitMEX SUSHI ",2022-05-26 20:01:38.111193
1541,"""SXP"" ",-0.011418,"""Binance SXP ",2022-05-26 20:01:38.111193
1544,"""SXP"" ",-0.0192,"""FTX SXP ",2022-05-26 20:01:38.111193
1548,"""THETA"" ",-0.042243,"""Binance THETA ",2022-05-26 20:01:38.111193
1551,"""THETA"" ",-0.0336,"""FTX THETA ",2022-05-26 20:01:38.111193
1555,"""TLM"" ",-0.019882,"""Binance TLM ",2022-05-26 20:01:38.111193
1558,"""TLM"" ",-0.0288,"""FTX TLM ",2022-05-26 20:01:38.111193
1562,"""TOMO"" ",-0.58574,"""Binance TOMO ",2022-05-26 20:01:38.111193
1565,"""TOMO"" ",-0.076,"""FTX TOMO ",2022-05-26 20:01:38.111193
1571,"""TONCO"" ",0.0128,"""FTX TONCO ",2022-05-26 20:01:38.111193
1577,"""TONCOIN"" ",-0.0208,"""FTX TONCOIN ",2022-05-26 20:01:38.111193
1581,"""TRB"" ",0.01,"""Binance TRB ",2022-05-26 20:01:38.111193
1589,"""TRU"" ",0.0264,"""FTX TRU ",2022-05-26 20:01:38.111193
1593,"""TRX"" ",0.01,"""Binance TRX ",2022-05-26 20:01:38.111193
1595,"""TRX"" ",0.00996824,"""dYdX TRX ",2022-05-26 20:01:38.111193
1597,"""TRX"" ",0.0104,"""FTX TRX ",2022-05-26 20:01:38.111193
1599,"""TRX"" ",-0.1604,"""BitMEX TRX ",2022-05-26 20:01:38.111193
1602,"""TRXBUSD"" ",0.01,"""Binance TRXBUSD ",2022-05-26 20:01:38.111193
1611,"""TRXT"" ",0.01,"""BitMEX TRXT ",2022-05-26 20:01:38.111193
1616,"""TRYB"" ",-0.0328,"""FTX TRYB ",2022-05-26 20:01:38.111193
1622,"""TULIP"" ",0.0376,"""FTX TULIP ",2022-05-26 20:01:38.111193
1627,"""UMA"" ",-0.01043784,"""dYdX UMA ",2022-05-26 20:01:38.111193
1632,"""UNFI"" ",-0.013003,"""Binance UNFI ",2022-05-26 20:01:38.111193
1638,"""UNI"" ",-0.002123,"""Binance UNI ",2022-05-26 20:01:38.111193
1640,"""UNI"" ",0.00446248,"""dYdX UNI ",2022-05-26 20:01:38.111193
1642,"""UNI"" ",0.0088,"""FTX UNI ",2022-05-26 20:01:38.111193
1648,"""UNISW"" ",0.1192,"""FTX UNISW ",2022-05-26 20:01:38.111193
1654,"""UNISWAP"" ",-0.0576,"""FTX UNISWAP ",2022-05-26 20:01:38.111193
1661,"""UNIT"" ",0.1742,"""BitMEX UNIT ",2022-05-26 20:01:38.111193
1666,"""USDT"" ",-0.0048,"""FTX USDT ",2022-05-26 20:01:38.111193
1672,"""UST"" ",0.2832,"""FTX UST ",2022-05-26 20:01:38.111193
1676,"""VET"" ",-0.02171,"""Binance VET ",2022-05-26 20:01:38.111193
1679,"""VET"" ",-0.0088,"""FTX VET ",2022-05-26 20:01:38.111193
1686,"""VETT"" ",0.1575,"""BitMEX VETT ",2022-05-26 20:01:38.111193
1689,"""WAVES"" ",-0.128774,"""Binance WAVES ",2022-05-26 20:01:38.111193
1692,"""WAVES"" ",-0.0616,"""FTX WAVES ",2022-05-26 20:01:38.111193
1696,"""WOO"" ",-0.014115,"""Binance WOO ",2022-05-26 20:01:38.111193
1704,"""XAUT"" ",0.008,"""FTX XAUT ",2022-05-26 20:01:38.111193
1711,"""XBTEU"" ",0.01,"""BitMEX XBTEU ",2022-05-26 20:01:38.111193
1717,"""XBTEUR"" ",0.01,"""BitMEX XBTEUR ",2022-05-26 20:01:38.111193
1723,"""XBTT"" ",-0.0012,"""BitMEX XBTT ",2022-05-26 20:01:38.111193
1726,"""XEM"" ",-0.03349,"""Binance XEM ",2022-05-26 20:01:38.111193
1729,"""XEM"" ",-0.0056,"""FTX XEM ",2022-05-26 20:01:38.111193
1733,"""XLM"" ",-0.012407,"""Binance XLM ",2022-05-26 20:01:38.111193
1735,"""XLM"" ",0.01,"""dYdX XLM ",2022-05-26 20:01:38.111193
1737,"""XLM"" ",-0.0032,"""FTX XLM ",2022-05-26 20:01:38.111193
1744,"""XLMT"" ",0.0887,"""BitMEX XLMT ",2022-05-26 20:01:38.111193
1747,"""XMR"" ",-0.031388,"""Binance XMR ",2022-05-26 20:01:38.111193
1749,"""XMR"" ",0.00669376,"""dYdX XMR ",2022-05-26 20:01:38.111193
1751,"""XMR"" ",0.0,"""FTX XMR ",2022-05-26 20:01:38.111193
1755,"""XRPBU"" ",0.01,"""Binance XRPBU ",2022-05-26 20:01:38.111193
1761,"""XRPBUSD"" ",-0.004827,"""Binance XRPBUSD ",2022-05-26 20:01:38.111193
1770,"""XRPT"" ",0.01,"""BitMEX XRPT ",2022-05-26 20:01:38.111193
1773,"""YFI"" ",-0.006338,"""Binance YFI ",2022-05-26 20:01:38.111193
1775,"""YFI"" ",-0.01821712,"""dYdX YFI ",2022-05-26 20:01:38.111193
1777,"""YFI"" ",-0.0464,"""FTX YFI ",2022-05-26 20:01:38.111193
1781,"""YFII"" ",0.01,"""Binance YFII ",2022-05-26 20:01:38.111193
1784,"""YFII"" ",-0.1056,"""FTX YFII ",2022-05-26 20:01:38.111193
1788,"""ZEC"" ",-0.002234,"""Binance ZEC ",2022-05-26 20:01:38.111193
1790,"""ZEC"" ",0.006296,"""dYdX ZEC ",2022-05-26 20:01:38.111193
1792,"""ZEC"" ",-0.0328,"""FTX ZEC ",2022-05-26 20:01:38.111193
1796,"""ZEN"" ",-0.038219,"""Binance ZEN ",2022-05-26 20:01:38.111193
1802,"""ZIL"" ",-0.027128,"""Binance ZIL ",2022-05-26 20:01:38.111193
1805,"""ZIL"" ",-0.0248,"""FTX ZIL ",2022-05-26 20:01:38.111193
1809,"""ZRX"" ",-0.023252,"""Binance ZRX ",2022-05-26 20:01:38.111193
1811,"""ZRX"" ",0.01,"""dYdX ZRX ",2022-05-26 20:01:38.111193
1813,"""ZRX"" ",-0.0144,"""FTX ZRX ",2022-05-26 20:01:38.111193
